{"source":{"x":-72.71973332600558,"y":41.86829675142084},"target":{"x":-72.70049435551549,"y":41.76726348091365},"edges":{"Transfer,9513,25727,1752374":["Arrival,7974,25815,1719167"],"Transfer,58,27850,1754854":["Arrival,8201,28229,1755412","Arrival,7918,27960,1721613","Arrival,73,28260,1755412","Arrival,7918,27960,1754838","Arrival,8199,28200,1722231","Arrival,12383,28380,1755412","Arrival,7918,27960,1755412","Arrival,8199,28200,1755412","Arrival,8444,28020,1754838","Arrival,8444,28020,1721613","Arrival,12383,28380,1722231","Arrival,8201,28229,1722231","Arrival,7957,28140,1721613","Arrival,7918,27960,1722231","Arrival,73,28260,1722231","Arrival,8444,28020,1722231","Arrival,7957,28140,1754838","Arrival,8444,28020,1755412","Arrival,7957,28140,1755412","Arrival,7957,28140,1722231"],"Transfer,455,20601,1720539":["Transfer,9169,21330,1753155","Transfer,9169,21330,1753155","Transfer,9169,21330,1753155","Transfer,9169,21330,1753155","Transfer,9169,21330,1753155","Transfer,9169,21330,1753155","Transfer,9169,21330,1753155","Transfer,9169,21330,1753155"],"Transfer,58,26890,1752374":["Arrival,8444,27060,1754513","Arrival,7918,27000,1754513","Arrival,7918,27000,1721304","Arrival,12265,27300,1750565","Arrival,7957,27180,1754513","Arrival,8444,27060,1721304","Arrival,7957,27180,1721304"],"Transfer,58,28030,1754506":["Arrival,7957,28320,1754443","Arrival,8444,28200,1721588","Arrival,8201,28408,1721588","Arrival,73,28440,1754813","Arrival,7918,28140,1754443","Arrival,8199,28380,1721588","Arrival,73,28440,1721588","Arrival,7957,28320,1721588","Arrival,8444,28200,1754443","Arrival,7957,28320,1754813","Arrival,12384,28560,1754813","Arrival,8444,28200,1721234","Arrival,8444,28200,1754813","Arrival,12384,28560,1721588","Arrival,7918,28140,1721588","Arrival,7918,28140,1754813","Arrival,8199,28380,1754813","Arrival,8201,28408,1754813","Arrival,7957,28320,1721234","Arrival,7918,28140,1721234"],"Transfer,9079,19450,1752373":["Transfer,58,28030,1754506","Transfer,58,27250,1753830","Transfer,58,27910,1721613","Transfer,58,27850,1754854","Transfer,58,27850,1754854","Transfer,58,27250,1753830","Transfer,58,28030,1754506","Transfer,58,27010,1717298","Transfer,58,27850,1754854","Transfer,58,26950,1721304","Transfer,58,28030,1754506","Transfer,58,27850,1754854","Transfer,58,26950,1721304","Transfer,58,26950,1721304","Transfer,58,27850,1754854","Transfer,7974,25761,1752374","Transfer,58,28030,1754506","Transfer,58,27250,1753830","Transfer,58,27250,1753830","Transfer,58,26890,1752374","Transfer,58,27910,1721613","Transfer,7974,25761,1752374","Transfer,58,26950,1721304","Transfer,58,27610,1721328","Transfer,58,26890,1752374","Transfer,58,27610,1721328","Transfer,58,27850,1754854","Transfer,58,27910,1721613","Transfer,58,28030,1754506","Transfer,58,26950,1721304","Transfer,7974,25761,1752374","Transfer,58,28030,1754506","Transfer,58,27850,1754854","Transfer,58,26950,1721304","Transfer,58,28030,1754506","Arrival,58,26880,1752374","Transfer,7974,25761,1752374","Transfer,7974,25761,1752374","Transfer,58,27190,1750244","Transfer,7974,25761,1752374","Transfer,58,27250,1753830","Transfer,58,28030,1754506","Transfer,7974,25761,1752374","Arrival,7974,25751,1752374","Arrival,1682,25980,1752374","Transfer,7974,25761,1752374","Transfer,58,28030,1754506","Transfer,7974,25761,1752374","Transfer,58,26950,1721304","Transfer,58,26950,1721304","Transfer,58,27850,1754854","Transfer,58,27250,1753830","Transfer,7974,25761,1752374","Transfer,58,26950,1721304","Transfer,58,28030,1754506","Transfer,58,27190,1750244","Transfer,58,27250,1753830","Transfer,58,27250,1753830","Transfer,58,27910,1721613","Transfer,58,26950,1721304","Transfer,58,26950,1721304","Transfer,58,28030,1754506","Transfer,58,27010,1717298","Transfer,58,27850,1754854","Transfer,58,26950,1721304","Transfer,58,27850,1754854","Transfer,58,28030,1754506","Transfer,58,28030,1754506","Transfer,58,28030,1754506","Transfer,58,27850,1754854","Transfer,58,27910,1721613","Transfer,58,27850,1754854","Transfer,58,27250,1753830","Transfer,58,27910,1721613","Transfer,58,26950,1721304","Transfer,58,27610,1721328","Transfer,7974,25761,1752374","Transfer,58,28030,1754506","Transfer,58,27190,1750244","Transfer,7974,25761,1752374","Transfer,58,27610,1721328","Transfer,58,26950,1721304","Arrival,9513,25750,1719167","Transfer,9513,25727,1752374","Arrival,9513,25717,1752374","Transfer,58,27550,1719167","Transfer,58,27910,1721613","Transfer,58,27550,1719167","Transfer,7974,25761,1752374","Transfer,58,27250,1753830","Transfer,58,26950,1721304","Transfer,58,27010,1717298","Transfer,58,26890,1752374","Transfer,58,26950,1721304","Transfer,7974,25761,1752374","Transfer,58,28030,1754506","Transfer,58,26950,1721304","Transfer,58,27850,1754854","Transfer,58,27850,1754854","Transfer,58,28030,1754506","Transfer,58,26950,1721304","Transfer,58,26890,1752374","Transfer,58,27910,1721613","Transfer,58,27190,1750244","Transfer,58,26950,1721304","Transfer,7974,25761,1752374","Transfer,58,26890,1752374","Transfer,58,27910,1721613","Transfer,58,26890,1752374","Transfer,58,27250,1753830","Transfer,58,26890,1752374","Transfer,58,27910,1721613","Transfer,58,27850,1754854","Transfer,58,28030,1754506","Transfer,58,27850,1754854","Transfer,58,27850,1754854","Transfer,58,27850,1754854","Transfer,58,27010,1717298","Transfer,7974,25761,1752374","Transfer,58,27910,1721613","Transfer,58,27850,1754854","Transfer,58,27250,1753830","Transfer,58,28030,1754506","Transfer,58,27250,1753830","Transfer,58,27190,1750244","Transfer,58,27550,1719167","Transfer,58,27610,1721328","Transfer,58,27850,1754854","Transfer,58,27250,1753830","Transfer,58,26950,1721304","Transfer,58,27010,1717298","Transfer,58,27610,1721328","Transfer,58,27190,1750244","Transfer,58,27010,1717298","Transfer,58,27910,1721613","Transfer,58,28030,1754506"],"Transfer,9169,21330,1753155":["Transfer,12539,21490,1720539","Transfer,12539,21490,1720539","Transfer,12539,21490,1720539","Transfer,12539,21490,1720539","Transfer,12539,21490,1720539","Transfer,12539,21490,1720539","Transfer,12539,21490,1720539","Transfer,12539,21490,1720539"],"Transfer,12539,21490,1720539":["Arrival,8204,22060,1753127","Transfer,8204,22070,1753127","Transfer,8204,22070,1753127","Arrival,8204,22060,1719918","Transfer,8203,22021,1753127","Transfer,8203,22021,1753127","Arrival,68,22101,1719918","Arrival,68,22101,1753127"],"Transfer,8204,22070,1753127":["Arrival,68,22701,1753288","Arrival,68,22701,1720079"],"Transfer,7624,18130,1720538":["Transfer,1171,19847,1752106","Transfer,1171,19847,1752106","Transfer,1171,19847,1752106","Transfer,1171,19847,1752106","Transfer,1171,19847,1752106","Transfer,1171,19847,1752106","Transfer,1171,19847,1752106","Transfer,1171,19847,1752106"],"Transfer,58,27250,1753830":["Arrival,8444,27420,1755411","Arrival,8444,27420,1722230","Arrival,8199,27600,1722230","Arrival,7918,27360,1755411","Arrival,8199,27600,1755411","Arrival,7918,27360,1722230","Arrival,73,27660,1755411","Arrival,12383,27780,1722230","Arrival,73,27660,1722230","Arrival,12383,27780,1755411","Arrival,8201,27629,1722230","Arrival,8201,27629,1755411","Arrival,7957,27540,1722230","Arrival,7957,27540,1755411"],"Transfer,1171,19847,1752106":["Transfer,12539,19990,1720538","Transfer,12539,19990,1720538","Transfer,12539,19990,1720538","Transfer,12539,19990,1720538","Transfer,12539,19990,1720538","Transfer,12539,19990,1720538","Transfer,12539,19990,1720538","Transfer,12539,19990,1720538"],"Transfer,12539,19990,1720538":["Arrival,68,20517,1753287","Transfer,8203,20452,1753287","Transfer,8204,20493,1753287","Arrival,8204,20483,1753287","Arrival,68,20517,1720078","Arrival,8204,20483,1720078","Transfer,8203,20452,1753287","Transfer,8204,20493,1753287"],"Transfer,8203,20452,1753287":["Arrival,8204,21383,1719680","Arrival,8204,21383,1752889"],"Transfer,8203,22021,1753127":["Arrival,8204,22660,1753288","Arrival,8204,22660,1720079"],"Transfer,58,27550,1719167":["Arrival,7918,27660,1721328","Arrival,8444,27720,1721328","Arrival,7957,27840,1721328"],