{"source":{"x":-72.71973332600558,"y":41.86829675142084},"target":{"x":-72.70049435551549,"y":41.76726348091365},"edges":{"Transfer,325,21377,1715313":["Arrival,8067,22650,1719947","Arrival,26,22571,1719947","Arrival,8066,22610,1719947","Arrival,8067,22650,1753156","Arrival,26,22571,1753156","Arrival,8066,22610,1753156"],"Transfer,58,27910,1717087":["Arrival,7918,28080,1754856","Arrival,7957,28260,1721631","Arrival,7957,28260,1754506","Arrival,7957,28260,1754856","Arrival,8444,28140,1754856","Arrival,7957,28260,1721297","Arrival,8444,28140,1721631","Arrival,7918,28080,1754506","Arrival,7918,28080,1721297","Arrival,8444,28140,1754506","Arrival,8444,28140,1721297","Arrival,7918,28080,1721631"],"Transfer,8287,20531,1715244":["Transfer,113,21010,1749006","Transfer,113,21010,1749006","Transfer,113,21010,1749006","Transfer,113,21010,1749006","Transfer,113,21010,1749006","Transfer,113,21010,1749006"],"Transfer,58,27190,1754449":["Arrival,12265,27540,1753830","Arrival,12719,27459,1753830","Arrival,12265,27540,1720621","Arrival,7918,27303,1753830","Arrival,7918,27303,1720621","Arrival,12719,27459,1720621"],"Transfer,12539,21490,1753748":["Arrival,8204,22060,1719918","Arrival,68,22101,1719918","Arrival,8204,22060,1753127","Arrival,68,22101,1753127"],"Transfer,12294,19312,1753126":["Transfer,8287,20531,1715244","Transfer,8287,20531,1715244","Transfer,8287,20531,1715244","Transfer,8287,20531,1715244","Transfer,8287,20531,1715244","Transfer,8287,20531,1715244"],"Transfer,58,27010,1720865":["Arrival,7957,27420,1721240","Arrival,7918,27240,1754449","Arrival,7957,27420,1754449","Arrival,8444,27300,1754449","Arrival,7918,27240,1721240","Arrival,8444,27300,1721240"],"Transfer,113,21010,1749006":["Transfer,325,21377,1715313","Transfer,325,21377,1715313","Transfer,325,21377,1715313","Transfer,325,21377,1715313","Transfer,325,21377,1715313","Transfer,325,21377,1715313"],"Transfer,58,27550,1719167":["Arrival,8444,27720,1721328","Arrival,7918,27660,1721328","Arrival,7957,27840,1721328"],"Transfer,12539,22090,1750561":["Arrival,8204,22660,1720079","Arrival,68,22701,1720079","Arrival,8204,22660,1753288","Arrival,68,22701,1753288"],"Transfer,58,26950,1721304":["Arrival,13336,27180,1717298","Arrival,8411,27065,1717298","Arrival,1728,27612,1717298","Arrival,12710,28080,1717298","Arrival,7918,27060,1754074","Arrival,12709,28009,1717298","Arrival,49,27660,1717298","Arrival,1726,27530,1717298","Arrival,7918,27060,1720865","Arrival,12265,27300,1720865","Arrival,12281,27866,1717298","Arrival,1727,27553,1717298","Arrival,8384,27840,1717298","Arrival,190,27480,1717298","Arrival,12636,27276,1717298","Arrival,1729,27746,1717298","Arrival,1724,27312,1717298","Arrival,12265,27300,1754074","Arrival,2846,27890,1717298","Arrival,12708,27916,1717298"],"Transfer,58,26890,1717336":["Arrival,8444,27060,1721304","Arrival,7918,27000,1754513","Arrival,7957,27180,1754513","Arrival,7957,27180,1721304","Arrival,7918,27000,1721304","Arrival,12265,27300,1750565","Arrival,8444,27060,1754513"],"Transfer,58,27250,1720621":["Arrival,7957,27540,1755411","Arrival,7957,27540,1722230","Arrival,12383,27780,1722230","Arrival,8199,27600,1722230","Arrival,73,27660,1755411","Arrival,8444,27420,1722230","Arrival,7918,27360,1755411","Arrival,7918,27360,1722230","Arrival,73,27660,1722230","Arrival,8201,27629,1755411","Arrival,8201,27629,1722230","Arrival,8199,27600,1755411","Arrival,12383,27780,1755411","Arrival,8444,27420,1755411"],"Transfer,12539,20830,1719707":["Arrival,68,21417,1752889","Arrival,8204,21383,1752889","Arrival,68,21417,1719680","Arrival,8204,21383,1719680"],"Transfer,9513,25727,1752374":["Arrival,7974,25815,1719167"],"Transfer,12539,19990,1753747":["Arrival,68,20517,1753287","Arrival,8204,20483,1753287","Arrival,8204,20483,1720078","Arrival,68,20517,1720078"],"Transfer,58,28030,1754856":["Arrival,7918,28140,1754443","Arrival,7957,28320,1721588","Arrival,7957,28320,1721234","Arrival,12384,28560,1721588","Arrival,8444,28200,1721234","Arrival,7957,28320,1754813","Arrival,12384,28560,1754813","Arrival,8444,28200,1754443","Arrival,8201,28408,1721588","Arrival,8201,28408,1754813","Arrival,7918,28140,1754813","Arrival,8444,28200,1721588","Arrival,8444,28200,1754813","Arrival,7918,28140,1721588","Arrival,7918,28140,1721234","Arrival,73,28440,1721588","Arrival,8199,28380,1721588","Arrival,73,28440,1754813","Arrival,7957,28320,1754443","Arrival,8199,28380,1754813"],